店名/内容,合計金額,件数,推定科目,仮セグメント,種別,→本人判定(法人/個人/不課税),正しい科目(任意)
MHF)ヤチンシユウノウ,3776960,22,"個人費用・家賃(個人住居・個人負担179,550)",個人候補,bank,,
給料振込 カ)セキユア,3026593,15,（未分類・要確認）,要確認,bank,,
ラクテンカ-ト ゙サ-ヒ ゙ス,2869118,52,現金引出(ATMカード・個人),個人候補,bank,,
(カ) ジエ-シ-ビ-,2790621,46,（未分類・要確認）,要確認,bank,,
口座振替　ＭＨＦ）ヤチンシユウノウ,2685250,15,"個人費用・家賃(個人住居・個人負担179,550)",個人候補,bank,,
シ ゙ヤツクス,2386200,39,（未分類・要確認）,要確認,bank,,
カード (662),2224000,30,現金引出(ATMカード・個人),個人候補,bank,,
給与 カ)フオンアプリ,2047341,10,（未分類・要確認）,要確認,bank,,
ITA IFS CORP,1348528,13,外貨積立（個人・USD建て650+200→2026/7〜200USD・法人カード払い）,個人候補,card,,
カード (624),1337000,17,現金引出(ATMカード・個人),個人候補,bank,,
ワダマサコ,1200000,3,（未分類・要確認）,要確認,bank,,
ラクテンショウケンカブシキガイシャ (自動スイ-プ),985790,7,（未分類・要確認）,要確認,bank,,
振込 カ)セキユア,978896,17,（未分類・要確認）,要確認,bank,,
カ-ド出金 セブン銀行003401001120950,910000,2,現金支出(ATM引出・個人),個人候補,bank,,
振込 カ)モバイルリンク,902178,25,（未分類・要確認）,要確認,bank,,
カード (664),900000,12,現金引出(ATMカード・個人),個人候補,bank,,
給料振込 ナイル(カ,779383,4,（未分類・要確認）,要確認,bank,,
振込 カ)アドベンチヤ-,683267,3,（未分類・要確認）,要確認,bank,,
給料振込 カ)フオンアプリ,661484,3,（未分類・要確認）,要確認,bank,,
カ)ニテンキ,629523,9,（未分類・要確認）,要確認,bank,,
カントウアイテイソフトウエアケンコウホケンクミアイ,582000,3,（未分類・要確認）,要確認,bank,,
ＡＭＡＺＯＮ．ＣＯ．ＪＰ,567623,157,（要明細）Amazon・業務/私的混在（注文履歴で分割）,要確認,card,,
ニホンガクセイシエンキコウ,563030,57,個人・奨学金返済(日本学生支援機構),個人候補,bank,,
振込 カ)オレンジシヤ,521192,5,（未分類・要確認）,要確認,bank,,
口座振替　オリコ,513246,17,個人カード返済(オリコ分割/リボ・銀行引落ベース計上),個人候補,bank,,
カード セブンBK0DQC,500000,3,現金引出(ATMカード・個人),個人候補,bank,,
パソコン振込 サカタ ユウキ,500000,1,（未分類・要確認）,要確認,bank,,
振込 カ)HRH,468970,5,（未分類・要確認）,要確認,bank,,
トウキヨウトシヤカイフクシキヨウギカイ,450000,3,（未分類・要確認）,要確認,bank,,
カード (607),437000,11,現金引出(ATMカード・個人),個人候補,bank,,
ITA IFS CORP 000000001,402325,4,外貨積立（個人・USD建て650+200→2026/7〜200USD・法人カード払い）,個人候補,card,,
ITERRA,401448,1,（未分類・要確認）,要確認,bank,,
カ-ド出金 セブン銀行003401009432706,400000,1,現金支出(ATM引出・個人),個人候補,bank,,
振込 イシマル ケンジ,386220,3,（未分類・要確認）,要確認,bank,,
ジ-エムオ-クリツクシヨウケン(カ,371500,1,（未分類・要確認）,要確認,bank,,
三菱UFJ銀行 新宿支店 普通預金 0520034 カ)ケイエイサ ゙イムケンキユウシヨ(依頼人名:イシタ ゙ ユウキ 振込予定日:2022年04月11日 管理番号:20220411-81052412),371500,1,（未分類・要確認）,要確認,bank,,
シヨクギヨウアンテイキヨク      2021120106001706730120220216,361053,1,（未分類・要確認）,要確認,bank,,
振込 ニツセイ ニホンセイメイホケン(ソ)(ケイリカ,340811,2,（未分類・要確認）,要確認,bank,,
賞与振込 カ)セキユア,330882,3,（未分類・要確認）,要確認,bank,,
カ)ポイントキコウ,315851,5,（未分類・要確認）,要確認,bank,,
カード (707),314838,3,現金引出(ATMカード・個人),個人候補,bank,,
カ-ド出金 セブン銀行003401009418251,300000,1,現金支出(ATM引出・個人),個人候補,bank,,
カード (661),294000,6,現金引出(ATMカード・個人),個人候補,bank,,
カード (654),291000,2,現金引出(ATMカード・個人),個人候補,bank,,
振込＊ザ（カ,290000,4,売上高・ザ(株),要確認,bank,,
請求書カード払いＳＭＢＣ,288843,1,（未分類）,個人候補,card,,
カ) オレンジシヤ,287580,4,（未分類・要確認）,要確認,bank,,
カ) セガナ.クリエイテイブ,287221,5,（未分類・要確認）,要確認,bank,,
カ-ド出金 セブン銀行003401001131618,281000,5,現金支出(ATM引出・個人),個人候補,bank,,
振込＊カ）トクチヨー,280500,1,(要確認)カ)トクチョー振込,要確認,bank,,
PE -,266580,12,（未分類・要確認）,要確認,bank,,
ラクテンカ-ドサ-ビス,260803,9,現金引出(ATMカード・個人),個人候補,bank,,
カブシキカイシヤポイントキコウ,259356,4,（未分類・要確認）,要確認,bank,,
ニホン セイメイ ホケンリヨウ,254587,32,（未分類・要確認）,要確認,bank,,
カ)オリエントコ-ホ ゚レ-シヨン,252480,15,個人カード返済(オリコ=オリエントコーポレーション・銀行引落ベース),個人候補,bank,,
振込 リバテイプロ(カ,247161,1,（未分類・要確認）,要確認,bank,,
振込 カ)HEROES,242220,2,（未分類・要確認）,要確認,bank,,
カ)フオンアプリ,231761,1,（未分類・要確認）,要確認,bank,,
パソコン振込 イケヤマ マサコ,226003,1,（未分類・要確認）,要確認,bank,,
(カ)シ ゙エ-シ-ヒ ゙-,223996,28,（未分類・要確認）,要確認,bank,,
カード (259),220000,1,現金引出(ATMカード・個人),個人候補,bank,,
カード (663),216000,4,現金引出(ATMカード・個人),個人候補,bank,,
APアフ ゚ラス,208000,20,個人カード返済(アプラス・銀行引落ベース計上),個人候補,bank,,
カード (629),205134,6,現金引出(ATMカード・個人),個人候補,bank,,
GMOクリック証券 株式会社,200000,1,（未分類・要確認）,要確認,bank,,
三菱UFJ銀行 田無支店 普通預金 0676734 シカマ ヒロミ(依頼人名:イシタ ゙ ユウキ 管理番号:20221030-98421300),200000,1,（未分類・要確認）,要確認,bank,,
DF.ヘ ゚イテ ゙イ-,198328,26,後払い決済(Paidy・明細未取込)・要確認,個人候補,bank,,
GMOあおぞらネット銀行 法人第二営業部 普通預金 1229422 カ)ホ ゚イントキコウ(依頼人名:イシタ ゙ ユウキ 振込予定日:2024年09月18日 管理番号:20240918-55924231),193953,1,（未分類・要確認）,要確認,bank,,
カ)オレンジシヤ,192798,3,（未分類・要確認）,要確認,bank,,
カード (779),188000,1,現金引出(ATMカード・個人),個人候補,bank,,
ラクテンショウケンカブシキガイシャ (国内株式買付代金),178215,1,（未分類・要確認）,要確認,bank,,
カ-ド出金 セブン銀行003401001122708,175000,1,現金支出(ATM引出・個人),個人候補,bank,,
カ-ド出金 セブン銀行003401001100031,151000,1,現金支出(ATM引出・個人),個人候補,bank,,
カード セブンBK0B0Y,150000,2,現金引出(ATMカード・個人),個人候補,bank,,
カ-ド出金 セブン銀行003401009424475,150000,1,現金支出(ATM引出・個人),個人候補,bank,,
カ-ド出金 セブン銀行003401001126609,150000,1,現金支出(ATM引出・個人),個人候補,bank,,
カード出金 ローソン  215816210833,150000,1,現金支出(ATM引出・個人),個人候補,bank,,
カ-ド出金 セブン銀行003401001119185,150000,1,現金支出(ATM引出・個人),個人候補,bank,,
ト ゙ク)ニホンカ ゙クセイシエンキコウ,147680,14,個人・奨学金返済(日本学生支援機構),個人候補,bank,,
VEHICLE RENTAL CORSI / BORGO,136058,1,（未分類）,個人候補,card,,
ホンマ マサノリ,132500,1,（未分類・要確認）,要確認,bank,,
バ-ス,126500,1,（未分類・要確認）,要確認,bank,,
カード (234),125000,1,現金引出(ATMカード・個人),個人候補,bank,,
カ)フアフ ゙リツク トウキヨウ ご返金,121450,1,（未分類・要確認）,要確認,bank,,
カ-ド出金 セブン銀行003401009427373,120000,1,現金支出(ATM引出・個人),個人候補,bank,,
口座振替　日本学生支援機構,119990,12,個人・奨学金返済,個人候補,bank,,
ヒヨウト ゙ウ サトシ キャッシュバック,110000,1,（未分類・要確認）,要確認,bank,,
ZHセ ゙イリシホウシユウ,107845,6,（未分類・要確認）,要確認,bank,,
マルマンストア 日本橋馬喰町店,106980,56,（個人候補）食料品/スーパー,個人候補,card,,
ラクテンカ-ト ゙(カ,102118,1,（未分類・要確認）,要確認,bank,,
ACサ-ビスセンタ-,100000,1,（未分類・要確認）,要確認,bank,,
カ-ド出金 セブン銀行003401001134134,100000,1,現金支出(ATM引出・個人),個人候補,bank,,
カ-ド出金 セブン銀行003401001113333,100000,1,現金支出(ATM引出・個人),個人候補,bank,,
カ-ド出金 セブン銀行003401001100881,100000,1,現金支出(ATM引出・個人),個人候補,bank,,
楽天銀行 楽天第一支店 普通預金 6520310 楽天カ-ド 株式会社(依頼人名:イシタ ゙ ユウキ 内容: 振込予定日:2022年08月05日 管理番号:20220805-91182895),99502,1,現金引出(ATMカード・個人),個人候補,bank,,
カ-ド出金 セブン銀行003401001132265,96000,1,現金支出(ATM引出・個人),個人候補,bank,,
カード (921),93000,2,現金引出(ATMカード・個人),個人候補,bank,,
カード (671),92000,1,現金引出(ATMカード・個人),個人候補,bank,,
パソコン振込 イシマル ケンジ,91030,1,（未分類・要確認）,要確認,bank,,
ランサ-ス ゙,90090,4,（未分類・要確認）,要確認,bank,,
カ)ニテンキ 報酬(10月分),86575,1,（未分類・要確認）,要確認,bank,,
ケイタイコウニユウヒHR,82500,1,（未分類・要確認）,要確認,bank,,
ライフカ-ド(カ,80050,10,現金引出(ATMカード・個人),個人候補,bank,,
カ-ド出金 セブン銀行003401001135332,80000,1,現金支出(ATM引出・個人),個人候補,bank,,
カ)フアンコミユニケ-シヨンズ,76179,6,（未分類・要確認）,要確認,bank,,
ＧＯＯＧＬＥ　ＰＡＹＭＥＮＴ,75534,11,（要確認）Google課金(広告/Play等・要特定),要確認,card,,
ア-クヒユ-マンキヤピタル(カ,75000,2,（未分類・要確認）,要確認,bank,,
みずほ銀行 ジャックス支店 普通預金 1000313 カ)シ ゙ヤツクス(依頼人名:イシタ ゙ユウキ09024018636 振込予定日:2021年02月01日 管理番号:20210201-44681831),73400,1,（未分類・要確認）,要確認,bank,,
振込,72600,1,（未分類・要確認）,要確認,bank,,
楽天銀行 第二営業支店 普通預金 7702774 株式会社 二天紀(依頼人名:イシタ ゙ ユウキ 内容:返金 振込予定日:2024年04月22日 管理番号:20240422-44235711),72000,1,（未分類・要確認）,要確認,bank,,
楽天銀行 テナ-支店 普通預金 5001935 石田 優輝(依頼人名:イシタ ゙ ユウキ 内容: 振込予定日:2022年05月28日 管理番号:20220528-84920461),70000,1,（未分類・要確認）,要確認,bank,,
LATTE 渋谷,69000,13,（未分類）,個人候補,card,,
オーケー 日本橋久松町店,66116,25,（個人候補）食料品/スーパー,個人候補,card,,
カ-ド出金 セブン銀行003401001117796,63000,1,現金支出(ATM引出・個人),個人候補,bank,,
カード (218),60000,1,現金引出(ATMカード・個人),個人候補,bank,,
パソコン振込 イシダ ユウキ,59779,1,（未分類・要確認）,要確認,bank,,
三菱UFJ銀行 新宿新都心支店 普通預金 5597863 カ)ヨシス ゙ミホ-ム(依頼人名:イシタ ゙ ユウキ 振込予定日:2021年02月09日 管理番号:20210209-45411973),59000,1,（未分類・要確認）,要確認,bank,,
振込 UBER EATS JAPAN (ド,57947,5,（未分類・要確認）,要確認,bank,,
テックランド 錦糸町店 -東京都 墨田区,57453,2,（個人候補）家電,個人候補,card,,
振込＊サカモト　アキヒサ,55000,1,売上高or入金(サカモト),要確認,bank,,
三菱UFJ銀行 新宿中央支店 普通預金 3300942 タカヘ ゙ シヨウクン(依頼人名:イシタ ゙ ユウキ 振込予定日:2020年03月24日 管理番号:20200324-23678999),53000,1,（未分類・要確認）,要確認,bank,,
三菱UFJ銀行 新宿中央支店 普通預金 3300942 タカヘ ゙ シヨウクン(依頼人名:イシタ ゙ ユウキ 振込予定日:2020年04月21日 管理番号:20200421-25384838),53000,1,（未分類・要確認）,要確認,bank,,
三菱UFJ銀行 新宿中央支店 普通預金 3300942 タカヘ ゙ シヨウクン(依頼人名:イシタ ゙ ユウキ 振込予定日:2020年05月24日 管理番号:20200524-27041053),53000,1,（未分類・要確認）,要確認,bank,,
カ-ド出金 セブン銀行003401001103010,52000,1,現金支出(ATM引出・個人),個人候補,bank,,
HEROES サポ-トリヨウキン,50000,1,（未分類・要確認）,要確認,bank,,
カ-ド出金 セブン銀行003401001124526,50000,1,現金支出(ATM引出・個人),個人候補,bank,,
カ-ド出金 セブン銀行003401009436680,50000,1,現金支出(ATM引出・個人),個人候補,bank,,
カード出金 ローソン  235040322651,49000,1,現金支出(ATM引出・個人),個人候補,bank,,
振込 カ)フオンアプリ,48222,9,（未分類・要確認）,要確認,bank,,
カード (644),47000,3,現金引出(ATMカード・個人),個人候補,bank,,
カ)ニテンキ 給与(6月分),45125,1,（未分類・要確認）,要確認,bank,,
カ-ド出金 セブン銀行003401001132829,44000,1,現金支出(ATM引出・個人),個人候補,bank,,
x.b GINZA,44000,11,（未分類）,個人候補,card,,
ZOZOTOWN,42190,4,（個人候補）衣服,個人候補,card,,
御殿場プレミアム・アウトレット,41220,4,（個人候補）衣服/物販,個人候補,card,,
アフイリ8,40000,2,（未分類・要確認）,要確認,bank,,
カ-ド出金 セブン銀行003401001112663,40000,1,現金支出(ATM引出・個人),個人候補,bank,,
銀座 王十里,39820,1,（未分類）,個人候補,card,,
口座振替　ＤＦ　ペイデイー,38132,5,後払い決済(Paidy・明細未取込)・要確認,個人候補,bank,,
カ-ド出金 セブン銀行003401001113017,38000,1,現金支出(ATM引出・個人),個人候補,bank,,
振込＊カ）オリエントコーポレーシヨン,37059,2,個人カード返済(オリコ=オリエントコーポレーション・銀行引落ベース),個人候補,bank,,
カ-ド出金 セブン銀行003401001133815,37000,1,現金支出(ATM引出・個人),個人候補,bank,,
カ-ド出金 セブン銀行003401001130180,35000,1,現金支出(ATM引出・個人),個人候補,bank,,
横浜銀行 渋谷支店 普通預金 6057237 イシタ ゙ ユウキ(依頼人名:イシタ ゙ ユウキ 振込予定日:2021年07月27日 管理番号:20210727-58949697),35000,1,（未分類・要確認）,要確認,bank,,
みずほ銀行 ハナミズキ支店 普通預金 9722400 ヘ ゚イヘ ゚イカ-ト ゙(カ(依頼人名:イシタ ゙ ユウキ 振込予定日:2023年06月20日 管理番号:20230619-18389711),34262,1,現金引出(ATMカード・個人),個人候補,bank,,
パソコン振込 イシダ リナ,33425,2,（未分類・要確認）,要確認,bank,,
楽天銀行 テナ-支店 普通預金 5001935 ITERRA 石田 優輝(依頼人名:イシタ ゙ ユウキ 内容: 振込予定日:2022年03月23日 管理番号:20220323-78823433),33155,1,（未分類・要確認）,要確認,bank,,
横浜銀行 渋谷支店 普通預金 6057237 イシタ ゙ ユウキ(依頼人名:イシタ ゙ ユウキ 振込予定日:2023年03月26日 管理番号:20230326-10810715),33000,1,（未分類・要確認）,要確認,bank,,
振込＊カ）アイスリーエクスペリエンス,33000,1,（未分類・要確認）,要確認,bank,,
０９２０羽田ー南紀白浜ー羽田,32770,1,（未分類）,個人候補,card,,
振込＊ミツビシユーエフジエイニコス（カ,31611,1,カード決済(JAL/NICOS)・個人カードを法人口座から?要確認,要確認,bank,,
振込 BROAD WIMAX,31350,1,（未分類・要確認）,要確認,bank,,
振込 プルデンシヤルセイメイ,31350,1,（未分類・要確認）,要確認,bank,,
FONDA DELA MADRUGADA,31097,1,（未分類）,個人候補,card,,
DF.ペイデイ-,30512,4,後払い決済(Paidy・明細未取込)・要確認,個人候補,bank,,
ペイペイ,30000,7,（未分類・要確認）,要確認,bank,,
カード出金 イオン銀行00400171070,30000,1,現金支出(ATM引出・個人),個人候補,bank,,
カード (625),30000,1,現金引出(ATMカード・個人),個人候補,bank,,
カ-ド出金 セブン銀行003401009433186,30000,2,現金支出(ATM引出・個人),個人候補,bank,,
横浜銀行 渋谷支店 普通預金 6057237 イシタ ゙ ユウキ(依頼人名:イシタ ゙ ユウキ 振込予定日:2021年06月26日 管理番号:20210626-56486616),30000,1,（未分類・要確認）,要確認,bank,,
カード出金 ローソン  232958608655,30000,1,現金支出(ATM引出・個人),個人候補,bank,,
横浜銀行 渋谷支店 普通預金 6057237 イシタ ゙ ユウキ(依頼人名:イシタ ゙ ユウキ 振込予定日:2022年01月23日 管理番号:20220123-73927697),30000,1,（未分類・要確認）,要確認,bank,,
横浜銀行 渋谷支店 普通預金 6057237 イシタ ゙ ユウキ(依頼人名:イシタ ゙ ユウキ 振込予定日:2022年02月26日 管理番号:20220226-76696850),30000,1,（未分類・要確認）,要確認,bank,,
横浜銀行 渋谷支店 普通預金 6057237 イシタ ゙ ユウキ(依頼人名:イシタ ゙ ユウキ 振込予定日:2022年03月23日 管理番号:20220323-78823394),30000,1,（未分類・要確認）,要確認,bank,,
リバテイプロ,30000,1,（未分類・要確認）,要確認,bank,,
振込 カ)HEROES ホ-ムペ-ジ,30000,1,（未分類・要確認）,要確認,bank,,
カ-ド出金 セブン銀行003401001133155,30000,1,現金支出(ATM引出・個人),個人候補,bank,,
LACOSTE,29322,1,（個人候補）衣服,個人候補,card,,
セブン－イレブン,27252,62,（個人候補）コンビニ,個人候補,card,,
カード出金 ゆうちょ銀行9901701000055,27000,1,現金支出(ATM引出・個人),個人候補,bank,,
JIM THOMPSON (OUTLET 9,26321,1,（個人候補）衣服/物販,個人候補,card,,
SHIPS OUTLET ゴテンバ,25300,1,（個人候補）衣服,個人候補,card,,
SP AND-PLANTS,25186,1,（個人候補）植物/雑貨,個人候補,card,,
SA LUMENERA / MAGOMADAS,24394,1,（未分類）,個人候補,card,,
豚大門市場浅草橋店,23515,3,（未分類）,個人候補,card,,
STORI’S SARL,23127,1,（未分類）,個人候補,card,,
みずほ銀行 芝支店 普通預金 4646745 アシサ ゙ワ シヨウタロウ(依頼人名:イシタ ゙ ユウキ 振込予定日:2024年02月04日 管理番号:20240204-37841065),22600,1,（未分類・要確認）,要確認,bank,,
GOOGLE *YOUTUBEPREMIUM,21760,17,ソフトウェア利用料・YouTube Premium,個人候補,card,,
三井アウトレットパ-ク 横浜ベイサイド,21688,2,（個人候補）衣服/物販,個人候補,card,,
楽天銀行 チェロ支店 普通預金 3039172 石丸 健二(依頼人名:イシタ ゙ ユウキ 内容: 振込予定日:2022年05月14日 管理番号:20220514-83731943),21405,1,（未分類・要確認）,要確認,bank,,
A AND F 御殿場アウトレット -静岡県 御,21400,1,（個人候補）衣服/物販,個人候補,card,,
振込＊カ）アプラス,21240,1,カード決済(アプラス)・要確認,要確認,bank,,
無印良品,20308,9,（未分類）,個人候補,card,,
カード出金 ローソン  233156411869,20000,1,現金支出(ATM引出・個人),個人候補,bank,,
カード出金 Enet  176583619422,20000,1,現金支出(ATM引出・個人),個人候補,bank,,
GMOあおぞらネット銀行 せいざ支店 普通預金 5981726 フレツクスシヨウカ ゙クタンキホケン(依頼人名:イシタ ゙ ユウキ 振込予定日:2023年03月13日 管理番号:20230313-09905554),20000,1,（未分類・要確認）,要確認,bank,,
口座振替　ＭＨＦ）ジエイリース,20000,2,個人費用・家賃保証(個人口座払い・個人負担),個人候補,bank,,
RISTORANTE MABROUK / ALGHERO,19972,1,（未分類）,個人候補,card,,
ビックカメラ 有楽町店 -東京都 千代田区,19580,1,（個人候補）家電,個人候補,card,,
銀座エスペロ 本店,19450,1,（未分類）,個人候補,card,,
BOCCAFINE (NONZA ),19400,1,（未分類）,個人候補,card,,
カード セブンBK0MLJ,19000,1,現金引出(ATMカード・個人),個人候補,bank,,
カ-ド出金 セブン銀行003401001118459,19000,1,現金支出(ATM引出・個人),個人候補,bank,,
カ-ド出金 セブン銀行003401001114290,19000,1,現金支出(ATM引出・個人),個人候補,bank,,
カ-ド出金 セブン銀行003401001123710,19000,1,現金支出(ATM引出・個人),個人候補,bank,,
KENKOUSENKASEITAIINNNIHONBASIK,18780,1,外貨積立（個人・USD建て貯蓄）,個人候補,card,,
振込 カ)フアンコミユニケ-シヨンズ,18775,2,（未分類・要確認）,要確認,bank,,
ＧＯＯＧＬＥ　ＰＡＹＭＥＮＴ　ＳＰＬＩＴＩＴ,18072,6,"スマホ分割(Googleストア・月3,012×24・端末72,280・個人)",個人候補,card,,
リノプラス,17545,3,（未分類）,個人候補,card,,
カ)ヨシズミホ-ム,17016,1,（未分類・要確認）,要確認,bank,,
ＡＴＭ　セブン銀行,17000,1,現金支出(ATM引出・個人),個人候補,bank,,
プルデンシャルセイメイホケン,16720,1,（未分類）,個人候補,card,,
ETS PUBL ACADEMIE DES BEAUX-AR,16549,2,（未分類）,個人候補,card,,
三菱UFJ銀行 新宿中央支店 普通預金 3300942 タカヘ ゙ シヨウクン(依頼人名:イシタ ゙ ユウキ 振込予定日:2020年02月26日 管理番号:20200226-22372523),16500,1,（未分類・要確認）,要確認,bank,,
リオンアカサカ,16500,2,（未分類）,個人候補,card,,
鳥京,16335,1,（未分類）,個人候補,card,,
小肥羊 新宿西口店,16225,1,（未分類）,個人候補,card,,
こだわりもん一家西船橋店,16117,1,（未分類）,個人候補,card,,
カード ENET158672,16000,1,現金引出(ATMカード・個人),個人候補,bank,,
カ-ド出金 セブン銀行003401001124143,16000,1,現金支出(ATM引出・個人),個人候補,bank,,
ユニクロ,15950,5,（未分類）,個人候補,card,,
DROPBOX*3HLC29D3276W,15840,1,（未分類）,個人候補,card,,
DROPBOX*TJ1FJHS8QLNW,15840,1,（未分類）,個人候補,card,,
東武百貨店 -東京都 豊島区,15739,4,（未分類）,個人候補,card,,
エクシブ 白浜,15538,2,（未分類）,個人候補,card,,
カード セブンBK0IAM,15000,1,現金引出(ATMカード・個人),個人候補,bank,,
カード セブンBK05G5,15000,1,現金引出(ATMカード・個人),個人候補,bank,,
カード出金 ローソン  257842085678,15000,1,現金支出(ATM引出・個人),個人候補,bank,,
カード セブンBK0E8R,15000,1,現金引出(ATMカード・個人),個人候補,bank,,
くらのあかり 本店,14916,1,（未分類）,個人候補,card,,
PVH JAPAN LTD.,14784,1,（未分類）,個人候補,card,,
RISTORANTE IL FOYER,14653,1,（未分類）,個人候補,card,,
TORANOMONNTAREYAKINIKUNONNKI,14220,1,（未分類）,個人候補,card,,
AO TWO ROOMS,14135,1,（未分類）,個人候補,card,,
楽天銀行 法人第五支店 普通預金 8520310 楽天カ-ド 株式会社(依頼人名:イシタ ゙ ユウキ 内容: 振込予定日:2022年09月25日 管理番号:20220925-94851834),14121,1,現金引出(ATMカード・個人),個人候補,bank,,
カード (743),14000,1,現金引出(ATMカード・個人),個人候補,bank,,
COMPAGNIE DE PROVENCE,13919,1,（未分類）,個人候補,card,,
カ)エフアイエス,13895,1,（未分類・要確認）,要確認,bank,,
B&B HOTELS ITALIA S.P.A.,13527,2,外貨積立（個人・USD建て貯蓄）,個人候補,card,,
FU-FU-HANTEN KINSHICHOHONTEN,13120,1,（未分類）,個人候補,card,,
カード セブンBK080T,13000,1,現金引出(ATMカード・個人),個人候補,bank,,
カード (619),13000,1,現金引出(ATMカード・個人),個人候補,bank,,
カード セブンBK0LPO,13000,1,現金引出(ATMカード・個人),個人候補,bank,,
DAC INTERMARCHE (SAINT REMY DE),12926,1,（未分類）,個人候補,card,,
LA MAISON DE MAR,12914,1,（未分類）,個人候補,card,,
ALEGRIA赤坂,12870,1,（未分類）,個人候補,card,,
CAVES D’ESCLANS,12778,1,（未分類）,個人候補,card,,
東京メトロ企画乗車券,12600,20,（未分類）,個人候補,card,,
キユウヨ カ)サカイヒツコシセンタ-,12358,1,（未分類・要確認）,要確認,bank,,
エクシブ白浜,12150,1,（未分類）,個人候補,card,,
LE SAM'S (FREJUS ),12009,1,（未分類）,個人候補,card,,
MONT LIBAN,11966,1,（未分類）,個人候補,card,,
カード (015),11626,2,現金引出(ATMカード・個人),個人候補,bank,,
OMIO *OMIO (OMIO.COM ),11575,1,（未分類）,個人候補,card,,
SLACK T03DKBYDJMD,11563,3,（未分類）,個人候補,card,,
京葉銀行 勝浦支店 普通預金 3152811 ユ)ユウキヤシヨウテン(依頼人名:イシタ ゙ ユウキ 振込予定日:2023年07月04日 管理番号:20230704-19890650),11500,1,（未分類・要確認）,要確認,bank,,
ライフ神田和泉町店 -東京都 千代田区,11421,3,（個人候補）食料品/スーパー,個人候補,card,,
ラクテンショウケン(カ,11329,1,（未分類・要確認）,要確認,bank,,
SOMMERGIBILE SRL,11264,1,（未分類）,個人候補,card,,
ムラサキスポーツ 神田小川町店,11116,1,（未分類）,個人候補,card,,
JR東日本 東京駅,11110,1,（未分類）,個人候補,card,,
MAISON DE LA TRU (MENERBES ),11097,2,（未分類）,個人候補,card,,
ロケツトナウ,11080,10,（未分類）,個人候補,card,,
ダイニー,11021,1,（未分類）,個人候補,card,,
カード (888),11000,1,現金引出(ATMカード・個人),個人候補,bank,,
楽天銀行 テナ-支店 普通預金 5001935 石田 優輝(依頼人名:イシタ ゙ ユウキ 内容: 振込予定日:2022年08月24日 管理番号:20220824-92317342),11000,1,（未分類・要確認）,要確認,bank,,
パソコン振込 カ)ポイントキコウ,11000,1,（未分類・要確認）,要確認,bank,,
セゾンマイルクラブ年会費(JALマイルクラブショ,11000,2,（未分類）,個人候補,card,,
ＪＡＬカード年会費,11000,1,（未分類）,個人候補,card,,
ディノスレンタル事業 -東京都 中野区,10780,2,（未分類）,個人候補,card,,
振込 UBER PORTIER JAPAN (ド,10759,1,（未分類・要確認）,要確認,bank,,
TOTAL (SARTENE ),10750,1,（未分類）,個人候補,card,,
Anyway やむなし,10690,1,（未分類）,個人候補,card,,
あみやき亭 川崎駅東口店,10461,1,（未分類）,個人候補,card,,
LINE Pay,10400,4,（未分類・要確認）,要確認,bank,,
L’EPICUVIN,10226,1,（未分類）,個人候補,card,,
AntichiSapori・Superbacco,10100,1,（未分類）,個人候補,card,,
LE GRAIN DE SEL (AJACCIO ),10099,1,（未分類）,個人候補,card,,
ペイペイ チヤ-ジ,10000,2,（未分類・要確認）,要確認,bank,,
カ-ド出金 セブン銀行003401001123330,10000,1,現金支出(ATM引出・個人),個人候補,bank,,
カ-ド出金 セブン銀行003401001120517,10000,1,現金支出(ATM引出・個人),個人候補,bank,,
カ-ド出金 セブン銀行003401001120849,10000,1,現金支出(ATM引出・個人),個人候補,bank,,
MHF)シ ゙エイリ-ス,10000,1,個人費用・家賃保証(個人口座払い・個人負担),個人候補,bank,,
REON AKASAKA,10000,2,（未分類）,個人候補,card,,
陳家私菜 丸の内店,9922,1,（未分類）,個人候補,card,,
さいさいきて屋,9919,2,（未分類）,個人候補,card,,
BEAMS,9900,1,（未分類）,個人候補,card,,
海森1号店/SB,9760,1,（未分類）,個人候補,card,,
振込 キユウヨ カ)サカイヒツコシセンタ-,9550,1,（未分類・要確認）,要確認,bank,,
渋谷ストリーム -東京都 渋谷区,9500,1,（未分類）,個人候補,card,,
大丸 東京店 -東京都 千代田区,9323,7,（個人候補）百貨店,個人候補,card,,
CHATWORK BUSINESS PLAN,9240,1,（未分類）,個人候補,card,,
ANCIEN RES CHARTIE  PARIS 9,9074,1,（未分類）,個人候補,card,,
奏,9027,1,（未分類）,個人候補,card,,
UC,9000,1,（未分類・要確認）,要確認,bank,,
カード (230),9000,1,現金引出(ATMカード・個人),個人候補,bank,,
カード セブンBK0NRO,9000,1,現金引出(ATMカード・個人),個人候補,bank,,
カード (667),9000,1,現金引出(ATMカード・個人),個人候補,bank,,
カード イオン,9000,1,現金引出(ATMカード・個人),個人候補,bank,,
カード出金 ゆうちょ銀行9901701000002,9000,1,現金支出(ATM引出・個人),個人候補,bank,,
カード ENET171212,9000,1,現金引出(ATMカード・個人),個人候補,bank,,
カード (221),9000,1,現金引出(ATMカード・個人),個人候補,bank,,
ゆうちょ銀行 〇一八 普通預金 8107184 オイカワ アユミ(依頼人名:イシタ ゙ ユウキ 振込予定日:2022年07月10日 管理番号:20220710-88708646),9000,1,（未分類・要確認）,要確認,bank,,
REDE-SAUNAUENO,9000,1,（未分類）,個人候補,card,,
CHALET DES ROCHE,8996,1,（未分類）,個人候補,card,,
SARL AN GE 4128768 (83GRIMAUD ),8984,1,（未分類）,個人候補,card,,
宇田川町魚金,8983,1,（未分類）,個人候補,card,,
やき鳥歩ム 自由が丘,8937,1,（未分類）,個人候補,card,,
CAFE SALVADOR,8910,4,（未分類）,個人候補,card,,
MONACO ACCOR49,8811,1,（未分類）,個人候補,card,,
PIZZERIA LO SCUGNIZZO (VADO LIGURE ),8803,1,（未分類）,個人候補,card,,
サイゼリヤ,8740,2,（未分類）,個人候補,card,,
もつ鍋ダイニング繪もん,8660,1,（未分類）,個人候補,card,,
鳥貴族 ときわ台店,8580,1,（未分類）,個人候補,card,,
成城石井 千駄ヶ谷店,8429,8,（個人候補）食料品/スーパー,個人候補,card,,
GENOVA P.P. SELF SERVICE NEW,8240,1,（未分類）,個人候補,card,,
DROPPOS / ALGHERO,8062,1,（未分類）,個人候補,card,,
カード セブンBK0J14,8000,1,現金引出(ATMカード・個人),個人候補,bank,,
キユウヨ ザカブシキカイシヤ,8000,1,（未分類・要確認）,要確認,bank,,
AMG CARBURANTI / NUORO,7986,1,（未分類）,個人候補,card,,
ローソン,7743,18,（個人候補）コンビニ,個人候補,card,,
MAISON RIVIERA,7732,1,（未分類）,個人候補,card,,
振込 カ)ワンダ-グル-プ,7700,1,（未分類・要確認）,要確認,bank,,
陳家私菜 秋葉原店,7678,1,（未分類）,個人候補,card,,
BOILING POINT 渋谷店,7678,1,（未分類）,個人候補,card,,
MAS DE LA VALLONGUE (EYGALIERES ),7664,1,（未分類）,個人候補,card,,
赤から新宿西口店,7656,1,（未分類）,個人候補,card,,
横浜モアーズ,7650,1,（未分類）,個人候補,card,,
パソコン振込 カ)ペイデイ-,7628,1,後払い決済(Paidy・明細未取込)・要確認,個人候補,bank,,
NEWoMan YOKOHAMA,7560,1,（未分類）,個人候補,card,,
SP ECOCO-SHOPIFY,7480,1,（未分類）,個人候補,card,,
東京豊洲 万葉倶楽部,7310,1,（未分類）,個人候補,card,,
OSTERIA DELL OSSO (FIRENZE ),7286,1,（未分類）,個人候補,card,,
三菱UFJ銀行 門前仲町支店 普通預金 0071495 チキ ゙ラ リサ(依頼人名:イシタ ゙ ユウキ 振込予定日:2020年10月20日 管理番号:20201020-37031768),7200,1,（未分類・要確認）,要確認,bank,,
みずほ銀行 武蔵小杉支店 普通預金 2722394 ヒヨウト ゙ウ サトシ(依頼人名:イシタ ゙ ユウキ 振込予定日:2021年09月29日 管理番号:20210929-64148907),7200,1,（未分類・要確認）,要確認,bank,,
九州の旨かもん旨か酒くすお銀座ウラコリド,7161,1,（未分類）,個人候補,card,,
SARL L ANNEXE,6818,1,（未分類）,個人候補,card,,
QP/マツヤマクウコウ シエフズキツチ,6800,2,（未分類）,個人候補,card,,
ヨドバシカメラ マルチメディア AKIBA -,6745,3,（未分類）,個人候補,card,,
Ａｌｌｅｇｒｏ,6700,1,（未分類）,個人候補,card,,
杜の都太助 有楽町店,6680,1,（未分類）,個人候補,card,,
バグース新宿店,6640,1,（未分類）,個人候補,card,,
GOOGLE *MONEYFORWARDHM,6490,1,（未分類）,個人候補,card,,
LES TROIS DEUX,6471,1,（未分類）,個人候補,card,,
BAGUS 新宿西口店,6410,1,（未分類）,個人候補,card,,
丸ビル,6380,1,（未分類）,個人候補,card,,
MIX MARKT 3301 (NICE ),6326,1,（未分類）,個人候補,card,,
博多劇場丸の内店,6215,1,（未分類）,個人候補,card,,
東京ミッドタウン日比谷 -東京都 千代田区,6185,1,（未分類）,個人候補,card,,
イオン レイクタウン KAZE -埼玉県 越谷市,6180,1,（個人候補）食料品/スーパー,個人候補,card,,
オーケー 千駄ヶ谷店,6114,6,（個人候補）食料品/スーパー,個人候補,card,,
GOOGLE *EIGHT,6000,1,（未分類）,個人候補,card,,
GOOGLE *EIGHT BUSINESS,6000,1,（未分類）,個人候補,card,,
カ)クラウト ゙ワ-クス,5900,1,（未分類・要確認）,要確認,bank,,
食券券売機〔JMMS〕,5880,9,（未分類）,個人候補,card,,
SP HOLAFLY.COM,5858,2,（未分類）,個人候補,card,,
きどり酒場,5806,1,（未分類）,個人候補,card,,
流山おおたかの森ショッピングセンター -千葉県,5630,2,（未分類）,個人候補,card,,
東武宇都宮百貨店 -栃木県 宇都宮市,5600,1,（未分類）,個人候補,card,,
小伝馬町歯科・矯正歯科,5530,2,（未分類）,個人候補,card,,
キユウヨ カ)テガル,5500,1,（未分類・要確認）,要確認,bank,,
６４５０　マツモトキヨシチェー,5454,3,（個人候補）ドラッグストア,個人候補,card,,
ニンテンドーＥシヨツプ,5370,2,（未分類）,個人候補,card,,
SUMUP*AUTOUR DE LA PIZZA,5300,1,（未分類）,個人候補,card,,
THE HUB Coworking,5280,5,（未分類）,個人候補,card,,
浜伸 渡邊商店/TP,5270,1,（未分類）,個人候補,card,,
プルデンシヤルセイメイ,5262,1,（未分類・要確認）,要確認,bank,,
喫茶室ルノアール 新宿靖国通り店,5060,1,（未分類）,個人候補,card,,
星乃珈琲店 川崎駅前店,5040,1,（未分類）,個人候補,card,,
ステーキ宮 仙台泉店,5026,1,（未分類）,個人候補,card,,
パソコン振込 フクシマ シゲトシ,5000,1,（未分類・要確認）,要確認,bank,,
ニホンコウクウ(カJALMC,5000,1,（未分類・要確認）,要確認,bank,,
ショッピングマイルＰ年会費,4950,1,（未分類）,個人候補,card,,
ＮＩＮＴＥＮＤＯ　ＣＣ１６０７８９１１４,4939,1,（未分類）,個人候補,card,,
アトレ秋葉原1,4850,5,（未分類）,個人候補,card,,
とととりとん 渋谷3号店,4849,1,（未分類）,個人候補,card,,
モンベル 新宿南口店,4730,1,（未分類）,個人候補,card,,
ビックカメラ,4680,1,（個人候補）家電,個人候補,card,,
肉の大和/PG,4630,1,（未分類）,個人候補,card,,
PICASSO-LIBRAIRI2315881 (06ANTIBES ),4604,1,（未分類）,個人候補,card,,
中国ラーメン 揚州商人 渋谷センター街店,4540,1,（未分類）,個人候補,card,,
関平鉱泉所,4502,2,（未分類）,個人候補,card,,
MAMENOYU,4450,1,（未分類）,個人候補,card,,
SARL U SCALU,4382,1,（未分類）,個人候補,card,,
MARS GO JOHNNY GO MARS GO JOHN,4323,1,（未分類）,個人候補,card,,
パニーニ一番,4300,2,（未分類）,個人候補,card,,
HACHIKI 日本橋店/SB,4210,2,（未分類）,個人候補,card,,
砂むし会館 砂楽,4200,1,（未分類）,個人候補,card,,
ＪＡＬ国際線サインレス／税等,4180,1,（未分類）,個人候補,card,,
神座 渋谷店,4140,2,（未分類）,個人候補,card,,
ニトリ,4138,3,（未分類）,個人候補,card,,
そば茶屋吹上庵 平川店,4130,1,（未分類）,個人候補,card,,
IKEA 横浜 -神奈川県 横浜市,4118,3,（未分類）,個人候補,card,,
はま寿司,4070,1,（未分類）,個人候補,card,,
アトレ秋葉原2,4060,3,（未分類）,個人候補,card,,
COFFEE WRIGHTS KRAMAE,4010,2,（未分類）,個人候補,card,,
日新火災保険料,4000,1,（未分類）,個人候補,card,,
チネチッタ,4000,1,（未分類）,個人候補,card,,
北都交通バス,3900,1,（未分類）,個人候補,card,,
東京駅グランスタ,3876,3,（未分類）,個人候補,card,,
CASINO,3870,1,（未分類）,個人候補,card,,
六本木ヒルズ,3850,1,（未分類）,個人候補,card,,
振込手数料(内消費税 ¥13),3770,26,支払手数料・振込手数料,個人候補,bank,,
L'EDEN'S (LOURMARIN ),3747,1,（未分類）,個人候補,card,,
FIA,3681,1,（未分類）,個人候補,card,,
江東運転免許試験場,3650,1,（未分類）,個人候補,card,,
LA METROPOLE MOB (4M56FLLBWVIK ),3649,1,（未分類）,個人候補,card,,
オーケー 銀座店,3612,1,（個人候補）食料品/スーパー,個人候補,card,,
イオンモール八幡東 ジアウトレット北九州 -福岡,3564,1,（個人候補）衣服/物販,個人候補,card,,
スギ薬局 日本橋横山町店,3392,3,（個人候補）ドラッグ/薬局,個人候補,card,,
LES FILLES DU MI,3349,1,（未分類）,個人候補,card,,
三田製麺所 神田店,3330,3,（未分類）,個人候補,card,,
ユナイテッドアローズ アウトレット御殿場 -静岡,3300,1,（個人候補）衣服/物販,個人候補,card,,
PINTUS FABIO TAXI,3296,1,（未分類）,個人候補,card,,
Park South Sandwich,3240,1,（未分類）,個人候補,card,,
ＪＡＬ　ＰＬＡＺＡ８番ゲートシ,3200,1,（未分類）,個人候補,card,,
アクセア,3179,2,（未分類）,個人候補,card,,
LAVERIA L ALBA (AJACCIO ),3153,4,（未分類）,個人候補,card,,
さくら観光,3135,1,（未分類）,個人候補,card,,
QP/ドンキホ-テススキノテン,3123,1,（未分類）,個人候補,card,,
ETC東日本  (宇都宮→浦和本線),3110,1,（未分類）,個人候補,card,,
カラオケD’s品川店,3080,1,（未分類）,個人候補,card,,
SOMEN ASAKUSABASHITEN,3060,1,（未分類）,個人候補,card,,
EDOCCO SHOP IKIIKI,3000,1,（未分類）,個人候補,card,,
OVGO OFFICE,2980,1,（未分類）,個人候補,card,,
コミュニティサイクル 利用料金,2970,14,（未分類）,個人候補,card,,
コメダ珈琲店 新宿文化クイントビル店,2970,2,（未分類）,個人候補,card,,
ETC本四道路 (今治→向島本線),2950,1,（未分類）,個人候補,card,,
E-MOTUM,2945,1,（未分類）,個人候補,card,,
伊勢丹 新宿本店 -東京都 新宿区,2943,3,（個人候補）百貨店,個人候補,card,,
カラカラマ-ラ-タン,2926,2,（未分類）,個人候補,card,,
QP/マルヌマコウゲンスキ-ジヨウ,2900,1,（未分類）,個人候補,card,,
RISTORANTE PEDRAMARE,2895,1,（未分類）,個人候補,card,,
味噌麺処花道庵 北参道店,2860,2,（未分類）,個人候補,card,,
サイアム・オーキッド,2830,1,（未分類）,個人候補,card,,
RADICAL BEAUSOLEIL,2811,1,（未分類）,個人候補,card,,
喫茶室ルノアール 蒲田西口店,2810,1,（未分類）,個人候補,card,,
ジョナサン,2801,1,（未分類）,個人候補,card,,
山下本気うどん新宿歌舞伎町,2760,1,（未分類）,個人候補,card,,
ドン キホーテ 秋葉原店 -東京都 千代田区,2744,1,（未分類）,個人候補,card,,
V931241,2732,1,（未分類・要確認）,要確認,bank,,
仙台駅構内店舗,2730,2,（未分類）,個人候補,card,,
成城石井 小伝馬町店,2721,2,（個人候補）食料品/スーパー,個人候補,card,,
小谷流温泉 森の湯,2720,1,（未分類）,個人候補,card,,
野方ホープ 原宿店,2640,2,（未分類）,個人候補,card,,
RELAY 373290 MARSEILLE PROV H1,2636,1,（未分類）,個人候補,card,,
ライン ペイ(カ,2619,3,（未分類・要確認）,要確認,bank,,
おみやげ街道白浜駅改札口,2592,1,（未分類）,個人候補,card,,
BAR PIZZERIA RISTORA / SAN VERO MILI,2590,1,（未分類）,個人候補,card,,
高島屋,2530,2,（個人候補）百貨店,個人候補,card,,
東京地下鉄定期券〔一般〕,2500,4,（未分類）,個人候補,card,,
アソビュー!,2500,1,（未分類）,個人候補,card,,
デニーズ,2497,1,（未分類）,個人候補,card,,
サブウェイ 千駄ヶ谷店,2465,2,（未分類）,個人候補,card,,
373190 PAUL MARSEILLE ZP,2444,1,（未分類）,個人候補,card,,
モンベル 御徒町店,2420,1,（未分類）,個人候補,card,,
大阪王将 御徒町駅前店,2400,1,（未分類）,個人候補,card,,
CRISP SALAD WORKS,2390,2,（未分類）,個人候補,card,,
TABETE,2360,1,（未分類）,個人候補,card,,
１８７９　マツモトキヨシ　西新,2344,1,（個人候補）ドラッグストア,個人候補,card,,
ETC特別割引 (向島本線→今治),2310,1,（未分類）,個人候補,card,,
サーティワンアイスクリーム,2310,1,（未分類）,個人候補,card,,
MYBOULE,2297,1,（未分類）,個人候補,card,,
SAPIENTI RISTORANTE PIZZ (FIRENZE ),2295,1,（未分類）,個人候補,card,,
PAIN PAUL BOULANGERI (BASTIA ),2281,1,（未分類）,個人候補,card,,
DOLCESALATO BAR,2258,1,（未分類）,個人候補,card,,
CORI CICCULATA (SARTENE ),2254,1,（未分類）,個人候補,card,,
神田運転免許更新センター,2250,1,（未分類）,個人候補,card,,
MUSEE-PICASSO 2325887 (06ANTIBES ),2210,1,（未分類）,個人候補,card,,
SCHMATZ新宿住友ビル店,2200,1,（未分類）,個人候補,card,,
DEPOSITO BAGAGLI GENOVA PRINCI,2198,1,（未分類）,個人候補,card,,
SUBWAY 北参道駅前店,2180,2,（未分類）,個人候補,card,,
おにやんま 日本橋店,2170,3,（未分類）,個人候補,card,,
NewDays・KIOSK,2145,5,（未分類）,個人候補,card,,
TRANSPORTS PUBLICS GENEVOIS,2140,1,（未分類）,個人候補,card,,
QP/オーケーセンダガヤテン,2115,2,（個人候補）食料品/スーパー,個人候補,card,,
吉野家,2108,2,（未分類）,個人候補,card,,
ドームショップ〔テナント〕,2100,1,（未分類）,個人候補,card,,
MISO HANAMICHI本店,2070,2,（未分類）,個人候補,card,,
ポニークリーニング,2049,3,（個人候補）クリーニング,個人候補,card,,
いざかや丸尚/PG,2040,1,（未分類）,個人候補,card,,
SERVICES DES PARKINGS PUBLICS,2024,1,（未分類）,個人候補,card,,
FIORE DI MAGGIO,2004,1,（未分類）,個人候補,card,,
三菱UFJ銀行 平塚支店 普通預金 0342558 ヤマク ゙チ リヨウタ(依頼人名:イシタ ゙ ユウキ 振込予定日:2021年01月08日 管理番号:20210108-42861584),2000,1,（未分類・要確認）,要確認,bank,,
ラクテンカ-ト ゙(カ),2000,1,（未分類・要確認）,要確認,bank,,
芝公園卓球場+,2000,1,（未分類）,個人候補,card,,
AFURI 有楽町,1990,1,（未分類）,個人候補,card,,
ノート,1980,1,（未分類）,個人候補,card,,
Rocket Now,1980,1,（未分類）,個人候補,card,,
マクドナルド,1970,2,（未分類）,個人候補,card,,
SNCF VOYAGEURS (CAP D AIL ),1968,2,（未分類）,個人候補,card,,
プロントコーポレーション,1958,2,（未分類）,個人候補,card,,
ETC特別割引 (浦和本線→栃木),1940,1,（未分類）,個人候補,card,,
PROXI SUPER,1933,1,（未分類）,個人候補,card,,
CINECITTA’,1890,1,（未分類）,個人候補,card,,
上越国際,1860,1,（未分類）,個人候補,card,,
駅前人工温泉とぽす仙台駅西口/SB,1860,1,（未分類）,個人候補,card,,
１８８７　マツモトキヨシ　千駄,1855,4,（個人候補）ドラッグストア,個人候補,card,,
LA BELLE VIE SAR,1850,1,（未分類）,個人候補,card,,
ソロピッツァ東京,1846,1,（未分類）,個人候補,card,,
LA METROPOLE MOB (4M56FLLBXN3Y ),1823,1,（未分類）,個人候補,card,,
白浜第一交通(株),1810,1,（未分類）,個人候補,card,,
エキュート品川,1807,2,（未分類）,個人候補,card,,
BASTIA GARE 2733340 (2B/BASTIA ),1796,1,（未分類）,個人候補,card,,
舎鈴東日本橋馬喰町,1780,2,（未分類）,個人候補,card,,
MEGAドン キホーテ 渋谷本店 -東京都 渋谷,1762,4,（未分類）,個人候補,card,,
UTILE MISTRAL,1761,2,（未分類）,個人候補,card,,
THE SPA 西新井,1750,1,（未分類）,個人候補,card,,
小伝馬町駅前皮膚科,1740,1,（未分類）,個人候補,card,,
コメダ珈琲店 流山おおたかの森店,1720,1,（未分類）,個人候補,card,,
MONOPRIX NICE VICTOIRE MONOPIN,1716,1,（未分類）,個人候補,card,,
TOKYO RAMEN とうか,1700,1,（未分類）,個人候補,card,,
LE METROPOLE,1664,1,（未分類）,個人候補,card,,
SAVONA SS DPR,1648,1,（未分類）,個人候補,card,,
フリホーレス日本橋室町 YUITO,1640,1,（未分類）,個人候補,card,,
SEAFY (MILANO ),1615,1,（未分類）,個人候補,card,,
アトレ川崎,1606,2,（未分類）,個人候補,card,,
パンとエスプレッソと,1580,1,（未分類）,個人候補,card,,
麺屋武蔵 神山,1570,1,（未分類）,個人候補,card,,
AIRPORTELS INTER-SUVARNAB(SAMUTPRAKAN ),1542,1,（未分類）,個人候補,card,,
フアミリ―マ―トコデンマチヨウ,1528,4,（未分類）,個人候補,card,,
フアミリ―マ―トサヌマナカエゴ,1519,1,（未分類）,個人候補,card,,
Chicks,1510,1,（未分類）,個人候補,card,,
ザシティベーカリー京橋,1501,1,（未分類）,個人候補,card,,
区民部日本橋特別出張所地域活動係・区民係,1500,4,（未分類）,個人候補,card,,
南国交通/交通利用,1500,1,（未分類）,個人候補,card,,
銀座鴨そば九代目けいすけ,1500,1,（未分類）,個人候補,card,,
表参道ヒルズ,1500,1,（未分類）,個人候補,card,,
すぱじろう,1496,1,（未分類）,個人候補,card,,
VEGECHARGERAKASAKA,1490,1,（未分類）,個人候補,card,,
６４３９　マツモトキヨシチェー,1490,3,（個人候補）ドラッグストア,個人候補,card,,
ETC首都高速 (横横金支接→福住),1490,1,（未分類）,個人候補,card,,
新橋駅店舗,1489,1,（未分類）,個人候補,card,,
menu,1462,1,（未分類）,個人候補,card,,
ベローチェ浅草橋店,1460,3,（未分類）,個人候補,card,,
ミニストップ,1450,4,（未分類）,個人候補,card,,
ダイソー,1432,4,（未分類）,個人候補,card,,
コメダ珈琲店上野広小路店,1400,1,（未分類）,個人候補,card,,
ETC首都高速 (杉田第一→福住),1380,1,（未分類）,個人候補,card,,
テトラ薬局小伝馬町店,1380,1,（個人候補）ドラッグ/薬局,個人候補,card,,
SHIBUICHI BAKERY,1371,1,（未分類）,個人候補,card,,
上島珈琲店 神谷町駅前店,1360,1,（未分類）,個人候補,card,,
仙台エスパル,1360,1,（未分類）,個人候補,card,,
中華そば 糸,1350,1,（未分類）,個人候補,card,,
吉そば 代々木店,1350,2,（未分類）,個人候補,card,,
ETC特別割引 (今治→大三島),1340,1,（未分類）,個人候補,card,,
セキテイ調剤薬局 代々木店,1330,1,（個人候補）ドラッグ/薬局,個人候補,card,,
おにやんま 日暮里店,1330,2,（未分類）,個人候補,card,,
おにやんま 新橋店,1330,2,（未分類）,個人候補,card,,
カ-ド手数料(内消費税 ¥20),1320,6,現金引出(ATMカード・個人),個人候補,bank,,
IRORI石巻,1320,1,（未分類）,個人候補,card,,
常盤湯,1300,3,（未分類）,個人候補,card,,
ETC特別割引 (大三島→今治北),1290,1,（未分類）,個人候補,card,,
山下本気うどん渋谷センター街,1290,1,（未分類）,個人候補,card,,
フアミリ－マ－トアシガラサービスエリア,1276,1,（未分類）,個人候補,card,,
CAFE VOYAGEURS / FIGARI,1270,1,（未分類）,個人候補,card,,
SNCF VOYAGEURS (ANTIBES ),1270,1,（未分類）,個人候補,card,,
ジャン・フランソワEchika表参道,1267,1,（未分類）,個人候補,card,,
THEGROVEBAKERY,1253,1,（未分類）,個人候補,card,,
東武特急券〔駅〕,1250,1,（未分類）,個人候補,card,,
アトレ 四谷,1242,1,（未分類）,個人候補,card,,
エキュート品川S,1230,1,（未分類）,個人候補,card,,
モバイルレジ（コウキン） （22024122717033928885）,1200,1,租税公課・公金(モバイルレジ),要確認,bank,,
ゴ-ゴ-カレ-神田駅南口パ-ク/SB,1200,1,（未分類）,個人候補,card,,
藤一番 柳橋店,1188,1,（未分類）,個人候補,card,,
ヴィ・ド・フランス秋葉原電気街口店,1185,1,（未分類）,個人候補,card,,
太陽のトマト麺 青山オーバルビル,1180,1,（未分類）,個人候補,card,,
PARKING EZE 2356153 (06EZE ),1175,1,（未分類）,個人候補,card,,
No.4,1160,1,（未分類）,個人候補,card,,
ハッピ-薬局,1160,1,（個人候補）ドラッグ/薬局,個人候補,card,,
フアミリ―マ―トシラハマフジシ,1159,2,（未分類）,個人候補,card,,
かつや 神田東口,1144,1,（未分類）,個人候補,card,,
ETC東日本  (西那須野塩→宇都宮),1140,1,（未分類）,個人候補,card,,
ビックカメラ　秋葉原店,1134,1,（個人候補）家電,個人候補,card,,
駅弁屋 祭 仙台駅店,1130,1,（未分類）,個人候補,card,,
預金利息,1125,14,雑収入・受取利息,個人候補,bank,,
まいばすけっと,1118,6,（個人候補）食料品/スーパー,個人候補,card,,
THE DECK COFFEE&PIE,1100,1,（未分類）,個人候補,card,,
トレカスワップスペ-ス秋葉原,1100,1,（未分類）,個人候補,card,,
アトレ 品川,1100,1,（未分類）,個人候補,card,,
S.RIDE kmグル-プ 織田タクシ-,1100,1,（未分類）,個人候補,card,,
壱鵠堂・伝丸,1100,1,（未分類）,個人候補,card,,
東京マゼソバ 麺屋こころ 渋谷かくれ家,1100,1,（未分類）,個人候補,card,,
ETC首都高速 (本町上→第三京浜接),1090,1,（未分類）,個人候補,card,,
業務用スーパーSHIODAYA 新宿店,1073,1,（未分類）,個人候補,card,,
ポンパドウル 六本木本店,1073,1,（未分類）,個人候補,card,,
SARL DU VIEUX PORT,1062,1,（未分類）,個人候補,card,,
カ)タイミ-,1050,1,（未分類・要確認）,要確認,bank,,
POTAMELT 千駄ヶ谷,1045,1,（未分類）,個人候補,card,,
NYA*CORSICA FERRIES (687693761 ),1042,2,（未分類）,個人候補,card,,
JR東日本クロスステーション 駅催事店舗,1040,1,（未分類）,個人候補,card,,
セブンイレブン,1026,1,（個人候補）コンビニ,個人候補,card,,
ETC首都高速 (中野長者橋→東北道接続),1020,1,（未分類）,個人候補,card,,
ETC首都高速 (東北道接続→中野長者橋),1020,1,（未分類）,個人候補,card,,
千吉 小伝馬町店,1020,1,（未分類）,個人候補,card,,
EZE GASTRONOMIE PALAIS DE GLAC,1013,1,（未分類）,個人候補,card,,
QP/コカコ-ラジハンキクイツクペイ,1010,6,（未分類）,個人候補,card,,
BARGALIA (GORDES ),1005,1,（未分類）,個人候補,card,,
カード,1000,1,現金引出(ATMカード・個人),個人候補,bank,,
りそな銀行 川崎支店 普通預金 1912418 カ)シヤン.クレ-ル(依頼人名:イシタ ゙ ユウキ 振込予定日:2021年07月13日 管理番号:20210713-57926490),1000,1,（未分類・要確認）,要確認,bank,,
振込 カ)フエアリ-,1000,1,（未分類・要確認）,要確認,bank,,
鹿児島第一交通(株)鹿児島営業所,1000,1,（未分類）,個人候補,card,,
ブラステルコクサイデンワ,1000,1,（未分類）,個人候補,card,,
S.RIDE グリ-ンキャブ,1000,1,（未分類）,個人候補,card,,
道の駅いぶすき彩花菜館,994,1,（未分類）,個人候補,card,,
QP/トウザイイツピンコミチエビナ,990,1,（未分類）,個人候補,card,,
ETC首都高速 (汐留→第三京浜接),990,1,（未分類）,個人候補,card,,
ＭｅｅｔＦｒｅｓｈ鮮芋仙東急プ,990,1,（未分類）,個人候補,card,,
回収事務手数料,990,2,（未分類）,個人候補,card,,
JR-CrossRCP専門店〔駅ビル共通,990,1,（未分類）,個人候補,card,,
BOULANGERIE DE MIOM (SANTA-MARIA- ),987,1,（未分類）,個人候補,card,,
TAREKATSU KANDAIMAGAWABASHI,980,1,（未分類）,個人候補,card,,
SNCF VOYAGEURS (NICE ),973,1,（未分類）,個人候補,card,,
０７１７仙台ー伊丹ー鹿児島,970,1,（未分類）,個人候補,card,,
JA越智今治 彩菜サイコー〔直売所〕,950,1,（未分類）,個人候補,card,,
ランドリ-サ-ビス GURUGURU,950,1,（未分類）,個人候補,card,,
松屋,940,1,（未分類）,個人候補,card,,
元祖油堂 東京ラーメン横丁店,930,1,（未分類）,個人候補,card,,
ETC首都高速 (初台南→湾西アク接),910,1,（未分類）,個人候補,card,,
１８１９　マツモトキヨシ　渋谷,907,1,（個人候補）ドラッグストア,個人候補,card,,
S.RIDE kmグループ 太陽自動車株,900,1,（未分類）,個人候補,card,,
ベローチェ新御茶ノ水店,900,2,（未分類）,個人候補,card,,
PAN'ORAMAS (APT ),895,1,（未分類）,個人候補,card,,
TOUKI-SONAR,894,3,（未分類）,個人候補,card,,
バーガーキング,890,1,（未分類）,個人候補,card,,
CAFEALBERT1ER,879,1,（未分類）,個人候補,card,,
カード手数料,876,5,現金引出(ATMカード・個人),個人候補,bank,,
AUTOROUTES ASF (VEDENE CEDEX ),875,1,（未分類）,個人候補,card,,
つるまる饂飩 千駄ヶ谷店,870,1,（未分類）,個人候補,card,,
Royal Garden Cafe 飯田橋 -東,870,1,（未分類）,個人候補,card,,
OSCAR,851,1,（未分類）,個人候補,card,,
TWENTY’S TACO RICE,850,1,（未分類）,個人候補,card,,
華僑服務社,843,2,（未分類）,個人候補,card,,
コメダ珈琲店 名駅四丁目店,840,1,（未分類）,個人候補,card,,
道の駅にのみや,839,1,（未分類）,個人候補,card,,
フアミリ―マ―トシブヤメイジド,838,1,（未分類）,個人候補,card,,
APPART CITY NICE ACROPOLIS,837,1,（未分類）,個人候補,card,,
ETC首都高速 (新横浜→杉田西),810,1,（未分類）,個人候補,card,,
アンデルセンPasar蓮田店,802,1,（未分類）,個人候補,card,,
ＤＣＳ・キヨウバシチユウオウドオリテ,800,1,（未分類）,個人候補,card,,
S.RIDE 大和タクシ- 東都,800,1,（未分類）,個人候補,card,,
S.RIDE 国際自動車 東雲,800,1,（未分類）,個人候補,card,,
ETC特別割引 (海ほたる→海ほたる),800,1,（未分類）,個人候補,card,,
KOMEDA is,800,1,（未分類）,個人候補,card,,
GARDEN CITY GRIMAUD,791,1,（未分類）,個人候補,card,,
福岡市地下鉄/交通利用,780,3,（未分類）,個人候補,card,,
ETC東日本  (千葉北→湾岸市川),780,1,（未分類）,個人候補,card,,
上島珈琲店 虎ノ門店,770,1,（未分類）,個人候補,card,,
ベローチェ池袋西口店,770,1,（未分類）,個人候補,card,,
イオンリテール,767,2,（個人候補）食料品/スーパー,個人候補,card,,
丸亀製麺 JR有楽町駅,750,1,（未分類）,個人候補,card,,
SUNNIESLINK,750,1,（未分類）,個人候補,card,,
ベローチェ仙台一番町店,730,1,（未分類）,個人候補,card,,
LC WASH INVEST (BOLLENE ),728,2,（未分類）,個人候補,card,,
エスパル仙台 東館,720,1,（未分類）,個人候補,card,,
なか卯,710,1,（未分類）,個人候補,card,,
S.RIDE kmグル-プ マコト交通,700,1,（未分類）,個人候補,card,,
おにやんま 人形町店,700,1,（未分類）,個人候補,card,,
S.RIDE チェッカ- 双美交通株式会,700,1,（未分類）,個人候補,card,,
V429841 AMAZON.CO.JP,685,1,（未分類・要確認）,要確認,bank,,
大浜PA上り線ハイウェイショップ,683,1,（未分類）,個人候補,card,,
吉そば 銀座本店,680,1,（未分類）,個人候補,card,,
フアミリ－マ－トイシノマキセンゴクチヨウ,673,1,（未分類）,個人候補,card,,
ETC特別割引 (木更津第一→市原鶴舞),670,1,（未分類）,個人候補,card,,
振込手数料,660,3,支払手数料・振込手数料,個人候補,bank,,
タイムズパーキング,660,1,（未分類）,個人候補,card,,
ルミネエスト,660,1,（未分類）,個人候補,card,,
ABNO,650,1,（未分類）,個人候補,card,,
FLIP FLIP COFFEE SUPPLY,650,1,（未分類）,個人候補,card,,
日光街道ニコニコ本陣,648,1,（未分類）,個人候補,card,,
TABACCHERIA DOZZA ENRICA (FIRENZE ),619,1,（未分類）,個人候補,card,,
DCS・西船橋南口店,610,1,（未分類）,個人候補,card,,
S.RIDE kmグル-プ 親切タクシ-,600,1,（未分類）,個人候補,card,,
ETC東日本  (狩場→逗子),600,1,（未分類）,個人候補,card,,
ETC首都高速 (横浜港北→第三京浜接),580,1,（未分類）,個人候補,card,,
かつや 御茶ノ水ソラシティ店/SB,580,1,（未分類）,個人候補,card,,
QP/マイコリゾ-ト,560,1,（未分類）,個人候補,card,,
CIE DES AUTOBUS 4173680 (A9MONACO ),551,2,（未分類）,個人候補,card,,
エキアプレミエ和光,550,1,（未分類）,個人候補,card,,
海ほたるPA店おにぎり屋 結丸,550,1,（未分類）,個人候補,card,,
ベローチェ 仙台名掛丁店,550,1,（未分類）,個人候補,card,,
ドンキホーテ 横浜西口店 -神奈川県 横浜市,547,1,（未分類）,個人候補,card,,
IF GELATERIA,542,1,（未分類）,個人候補,card,,
フアミリ－マ－トニホンバシホリドメチヨ,542,1,（未分類）,個人候補,card,,
ベローチェ稲荷町店,540,1,（未分類）,個人候補,card,,
GELATO&WAFFLECASTLE,530,1,（未分類）,個人候補,card,,
ETC東日本  (佐倉→千葉北),530,1,（未分類）,個人候補,card,,
ローソン日本橋横山町,521,1,（個人候補）コンビニ,個人候補,card,,
ベローチェ日本橋堀留町店,520,1,（未分類）,個人候補,card,,
MONTELIMAR EST (ALLAN ),510,1,（未分類）,個人候補,card,,
パソコン振込 カシムラ シゲル,500,1,（未分類・要確認）,要確認,bank,,
楽天銀行 フ-ガ支店 普通預金 3966973 山口 修平(依頼人名:アフイリ8 内容: 振込予定日:2022年04月06日 管理番号:20220406-80783133),500,1,（未分類・要確認）,要確認,bank,,
ゆうちょ銀行 八一八 普通預金 0890521 サトウ シ ゙ユンシ ゙(依頼人名:アフイリ8 振込予定日:2022年04月06日 管理番号:20220406-80783202),500,1,（未分類・要確認）,要確認,bank,,
みんなの銀行 ゴ-ルデンゲ-トブリッジ支店 普通預金 4215408 クワハ ゙ラ ユウコ(依頼人名:アフイリ8 振込予定日:2022年04月06日 管理番号:20220406-80783333),500,1,（未分類・要確認）,要確認,bank,,
みんなの銀行 タワ-ブリッジ支店 普通預金 7603510 オオスカ シオリ(依頼人名:イシタ ゙ ユウキ 振込予定日:2022年04月06日 管理番号:20220406-80783364),500,1,（未分類・要確認）,要確認,bank,,
稚内信用金庫 東支店 普通預金 1179899 オオクホ ゙ カス ゙キ(依頼人名:イシタ ゙ ユウキ 振込予定日:2022年04月06日 管理番号:20220406-80783386),500,1,（未分類・要確認）,要確認,bank,,
三菱UFJ銀行 仙台支店 普通預金 0444742 カノマタ マサヒロ(依頼人名:アフイリ8 振込予定日:2022年04月06日 管理番号:20220406-80783473),500,1,（未分類・要確認）,要確認,bank,,
福井銀行 勝見支店 普通預金 6026208 ヤマク ゙チ キヨシ(依頼人名:アフイリ8 振込予定日:2022年04月06日 管理番号:20220406-80783498),500,1,（未分類・要確認）,要確認,bank,,
三菱UFJ銀行 高槻支店 普通預金 0217170 トミヒサ タカヨ(依頼人名:イシタ ゙ ユウキ 振込予定日:2022年04月06日 管理番号:20220406-80783517),500,1,（未分類・要確認）,要確認,bank,,
三菱UFJ銀行 今池支店 普通預金 0123355 タニク ゙チ アキ(依頼人名:アフイリ8 振込予定日:2022年04月06日 管理番号:20220406-80783542),500,1,（未分類・要確認）,要確認,bank,,
PayPay銀行 つばめ支店 普通預金 1657349 ムラカミ ルカ(依頼人名:アフイリ8 振込予定日:2022年04月06日 管理番号:20220406-80783563),500,1,（未分類・要確認）,要確認,bank,,
楽天銀行 リズム支店 普通預金 3869292 西尾 幸祐(依頼人名:アフイリ8 内容: 振込予定日:2022年04月06日 管理番号:20220406-80783624),500,1,（未分類・要確認）,要確認,bank,,
ゆうちょ銀行 〇五八 普通預金 2102275 ワカハ ゙ヤシ トシキ(依頼人名:アフイリ8 振込予定日:2022年04月06日 管理番号:20220406-80783885),500,1,（未分類・要確認）,要確認,bank,,
イオン銀行 アメシスト支店 普通預金 6507813 ナカモト ユキ(依頼人名:アフイリ8 振込予定日:2022年04月10日 管理番号:20220410-80975659),500,1,（未分類・要確認）,要確認,bank,,
三菱UFJ銀行 栄町支店 普通預金 0270739 オオノ ヤストシ(依頼人名:アフイリ8 振込予定日:2022年04月10日 管理番号:20220410-80975678),500,1,（未分類・要確認）,要確認,bank,,
みずほ銀行 金沢支店 普通預金 1194194 ニシナカ ゙ リユウヘイ(依頼人名:アフイリ8 振込予定日:2022年04月10日 管理番号:20220410-80975791),500,1,（未分類・要確認）,要確認,bank,,
第四北越銀行 五泉中央支店 普通預金 2078819 タシロ ユキヒロ(依頼人名:アフイリ8 振込予定日:2022年04月10日 管理番号:20220410-80976054),500,1,（未分類・要確認）,要確認,bank,,
中国銀行 平井支店 普通預金 1484441 ヨシタ ゙ コウキ(依頼人名:アフイリ8 振込予定日:2022年04月10日 管理番号:20220410-80976152),500,1,（未分類・要確認）,要確認,bank,,
りそな銀行 金剛支店 普通預金 0251807 オカ ゙ワ ユカ(依頼人名:アフイリ8 振込予定日:2022年04月10日 管理番号:20220410-80976428),500,1,（未分類・要確認）,要確認,bank,,
ゆうちょ銀行 〇六八 普通預金 5146813 オノサ ゙キ サキ(依頼人名:アフイリ8 振込予定日:2022年04月11日 管理番号:20220411-81052822),500,1,（未分類・要確認）,要確認,bank,,
ゆうちょ銀行 七〇八 普通預金 0007473 トウヤマ ユウト(依頼人名:アフイリ8 振込予定日:2022年04月11日 管理番号:20220411-81071850),500,1,（未分類・要確認）,要確認,bank,,
ゆうちょ銀行 〇二八 普通預金 5167295 メク ゙ロ ケイコ(依頼人名:アフイリ8 振込予定日:2022年04月11日 管理番号:20220411-81087749),500,1,（未分類・要確認）,要確認,bank,,
PayPay銀行 すずめ支店 普通預金 2861745 イシカワ サトミ(依頼人名:アフイリ8 振込予定日:2022年04月11日 管理番号:20220411-81087808),500,1,（未分類・要確認）,要確認,bank,,
auじぶん銀行 だいだい支店 普通預金 4087320 ウメタニ ユカリ(依頼人名:アフイリ8 振込予定日:2022年04月11日 管理番号:20220411-81088090),500,1,（未分類・要確認）,要確認,bank,,
イオン銀行 タ-コイズ支店 普通預金 2497257 ヨコタ ユウキ(依頼人名:アフイリ8 振込予定日:2022年04月11日 管理番号:20220411-81088142),500,1,（未分類・要確認）,要確認,bank,,
PayPay銀行 はやぶさ支店 普通預金 3112525 トウノ ユウスケ(依頼人名:アフイリ8 振込予定日:2022年04月11日 管理番号:20220411-81088482),500,1,（未分類・要確認）,要確認,bank,,
セブン銀行 パンジ-支店 普通預金 3270438 ミウラ シンイチ(依頼人名:アフイリ8 振込予定日:2022年04月11日 管理番号:20220411-81088551),500,1,（未分類・要確認）,要確認,bank,,
北陸銀行 野々市支店 普通預金 6008520 ヨシカワ ヒロト(依頼人名:アフイリ8 振込予定日:2022年04月16日 管理番号:20220416-81395621),500,1,（未分類・要確認）,要確認,bank,,
PayPay銀行 つばめ支店 普通預金 4392886 ウチキ ヒロノリ(依頼人名:アフイリ8 振込予定日:2022年04月16日 管理番号:20220416-81395784),500,1,（未分類・要確認）,要確認,bank,,
ゆうちょ銀行 八四八 普通預金 2562729 カセ ナオキ(依頼人名:アフイリ8 振込予定日:2022年04月16日 管理番号:20220416-81395949),500,1,（未分類・要確認）,要確認,bank,,
PayPay銀行 はやぶさ支店 普通預金 2528617 ウチカト ゙ キヨヒサ(依頼人名:アフイリ8 振込予定日:2022年04月16日 管理番号:20220416-81396019),500,1,現金引出(ATMカード・個人),個人候補,bank,,
みずほ銀行 阿倍野橋支店 普通預金 1303497 カトウ ミユキ(依頼人名:アフイリ8 振込予定日:2022年04月16日 管理番号:20220416-81396128),500,1,（未分類・要確認）,要確認,bank,,
PayPay銀行 はやぶさ支店 普通預金 1568622 ヤマク ゙チ カス ゙アキ(依頼人名:イシタ ゙ ユウキ 振込予定日:2022年04月16日 管理番号:20220416-81396153),500,1,（未分類・要確認）,要確認,bank,,
ゆうちょ銀行 七七八 普通預金 0891404 ササヘ ゙ ユウシ ゙(依頼人名:アフイリ8 振込予定日:2022年04月16日 管理番号:20220416-81396415),500,1,（未分類・要確認）,要確認,bank,,
福岡銀行 本店営業部 普通預金 6438901 エク ゙チ ハルオ(依頼人名:アフイリ8 振込予定日:2022年04月18日 管理番号:20220416-81396475),500,1,（未分類・要確認）,要確認,bank,,
西日本シティ銀行 大牟田支店 普通預金 2239152 サルワタリ トシヒテ ゙(依頼人名:アフイリ8 振込予定日:2022年04月16日 管理番号:20220416-81396509),500,1,（未分類・要確認）,要確認,bank,,
PayPay銀行 ビジネス営業部 普通預金 5555444 コウタナカ ゙イコウタ(依頼人名:アフイリ8 振込予定日:2022年04月16日 管理番号:20220416-81396647),500,1,（未分類・要確認）,要確認,bank,,
楽天銀行 ワルツ支店 普通預金 4204030 榊原 貴(依頼人名:アフイリ8 内容: 振込予定日:2022年04月16日 管理番号:20220416-81396976),500,1,（未分類・要確認）,要確認,bank,,
静岡銀行 富士中央支店 普通預金 0574511 ウサミ マサヨ(依頼人名:アフイリ8 振込予定日:2022年04月16日 管理番号:20220416-81397010),500,1,（未分類・要確認）,要確認,bank,,
PayPay銀行 すずめ支店 普通預金 1139745 オオツカ シホ(依頼人名:アフイリ8 振込予定日:2022年04月16日 管理番号:20220416-81397092),500,1,（未分類・要確認）,要確認,bank,,
第四北越銀行 松浜支店 普通預金 5004763 ムラヤマ ムツミ(依頼人名:アフイリ8 振込予定日:2022年04月16日 管理番号:20220416-81397124),500,1,（未分類・要確認）,要確認,bank,,
他行振込組戻(組戻事由:口座名義相違) 管理番号:20220416-81396475,500,1,（未分類・要確認）,要確認,bank,,
345246 NICE RIQUIER SNCF,496,1,（未分類）,個人候補,card,,
ザイムシヨウカイケイセンター （22026011416235623016）,490,1,（未分類・要確認）,要確認,bank,,
カード振込 PE ホウムシヨウ,480,1,現金引出(ATMカード・個人),個人候補,bank,,
QP/ジエイア-ルヒガシニホンエキナ,480,3,（未分類）,個人候補,card,,
コカ・コーラ NFC,480,3,（未分類）,個人候補,card,,
CAFE de CRIE 市ヶ谷駅前,480,1,（未分類）,個人候補,card,,
フアミリ―マ―トヒガシウエノゴ,463,1,（未分類）,個人候補,card,,
京急ストア,462,1,（個人候補）食料品/スーパー,個人候補,card,,
紀ノ国屋 インターナショナル,459,1,（未分類）,個人候補,card,,
０７２１鹿児島ー羽田,450,1,（未分類）,個人候補,card,,
ヤマト運輸株式会社,439,1,（未分類）,個人候補,card,,
スギ薬局 上野広小路店,437,1,（個人候補）ドラッグ/薬局,個人候補,card,,
ETC首都高速 (京葉道接続→錦糸町上),420,1,（未分類）,個人候補,card,,
フアミリ－マ－トフカガワタカバシ,412,1,（未分類）,個人候補,card,,
ETC東日本  (逗子→釜利谷),410,1,（未分類）,個人候補,card,,
マツモトキヨシチェーンぱぱす新人形町店,407,1,（個人候補）ドラッグストア,個人候補,card,,
LE RELAIS IMPERI,404,1,（未分類）,個人候補,card,,
V170112 フアミリ―マ―トニシシンジユクチカホド,401,1,（未分類・要確認）,要確認,bank,,
鳥千,400,1,（未分類）,個人候補,card,,
VIVA*MPLOTA YELLOWSELF1,396,1,（未分類）,個人候補,card,,
ベローチェ小伝馬町店,390,1,（未分類）,個人候補,card,,
シモジマ 馬喰横山店,382,1,（未分類）,個人候補,card,,
ファミリーマート 小伝馬町鞍掛橋,381,1,（個人候補）コンビニ,個人候補,card,,
ベローチェ代々木三丁目店,370,1,（未分類）,個人候補,card,,
ベローチェ秋葉原駅東口店,350,1,（未分類）,個人候補,card,,
フアミリ―マ―トブンキヨウユシ,343,1,（未分類）,個人候補,card,,
フアミリ－マ－トホリドメチヨウニチヨウメ,338,1,（未分類）,個人候補,card,,
フアミリ―マ―トシモノセキキク,333,1,（未分類）,個人候補,card,,
セリア2925ベイシアいすみ大原店,330,1,（未分類）,個人候補,card,,
スギ薬局神田駅東口店,327,1,（個人候補）ドラッグ/薬局,個人候補,card,,
ENEOS,323,1,（未分類）,個人候補,card,,
PARIS PARIS,306,1,（未分類）,個人候補,card,,
ＤＣＳ・ネリマセンカワドオリテン,300,1,（未分類）,個人候補,card,,
フアミリ－マ－トヤエチカ,297,1,（未分類）,個人候補,card,,
フアミリ―マ―トシンニホンバシ,290,1,（未分類）,個人候補,card,,
トモズ 秋葉原店,283,1,（未分類）,個人候補,card,,
ETC東日本  (高谷JCT→外環京葉J),280,1,（未分類）,個人候補,card,,
DCS・日本橋馬喰町店,280,1,（未分類）,個人候補,card,,
ドン キホーテ 仙台駅西口本店 -宮城県 仙台市,278,1,（未分類）,個人候補,card,,
カード手数料(内消費税 ¥25),275,1,現金引出(ATMカード・個人),個人候補,bank,,
SUMUP*ZANCOS SNC DI MARGHERITA,273,1,外貨積立（個人・USD建て貯蓄）,個人候補,card,,
フアミリ―マ―トオモテサンドウ,263,1,（未分類）,個人候補,card,,
QP/ジドウハンバイキ,260,1,（未分類）,個人候補,card,,
ETC東日本  (新保土ヶ谷→新保土ヶ谷),260,1,（未分類）,個人候補,card,,
フアミリ―マ―トハカタエキマエ,258,1,（未分類）,個人候補,card,,
QP/ミニストツプ,257,1,（未分類）,個人候補,card,,
FEEEP INC.,250,2,ソフトウェア利用料・その他SaaS,要確認,card,,
シャポー小岩,246,1,（未分類）,個人候補,card,,
QP/ローソン,227,1,（個人候補）コンビニ,個人候補,card,,
QP/ト-ヨ-ベンデイングカブシ,220,1,（未分類）,個人候補,card,,
ETC東日本  (保土ヶ谷→港北),220,2,（未分類）,個人候補,card,,
フアミリ－マ－トエムワイシヨウナンコクサイ,220,1,（未分類）,個人候補,card,,
SPL*SP_SUB_ASTROLINE_TODAY,218,1,（未分類）,個人候補,card,,
フアミリ－マ－トオオデンマチヨウ,216,1,（未分類）,個人候補,card,,
利息,202,16,雑収入・受取利息,個人候補,bank,,
１５６６　マツモトキヨシ　岩本,195,1,（個人候補）ドラッグストア,個人候補,card,,
ローソン築地二丁目,189,1,（個人候補）コンビニ,個人候補,card,,
QP/セイジヨウイシイ エビナサ-ヒ,182,1,（未分類）,個人候補,card,,
フアミリ―マ―トタイトウヨンチ,181,1,（未分類）,個人候補,card,,
QP/ハチヨウインリヨウジハンキ,180,1,（未分類）,個人候補,card,,
関越道高坂SA 上り 売店,180,1,（未分類）,個人候補,card,,
フアミリ―マ―トアサクサバシエ,171,1,（未分類）,個人候補,card,,
フアミリ―マ―トシイナマチエキ,171,1,（未分類）,個人候補,card,,
QP/ネクスコヒガシニホン ジドウ,160,1,（未分類）,個人候補,card,,
ジハンピ,160,1,（未分類）,個人候補,card,,
HOLAFLY,151,1,（未分類）,個人候補,card,,
QP/ダイド-ドリンコインリヨウシ,150,1,（未分類）,個人候補,card,,
フアミリ－マ－トシブヤオーチヤードロー,148,1,（未分類）,個人候補,card,,
フアミリ―マ―トミヤマスザカウ,140,1,（未分類）,個人候補,card,,
フアミリ―マ―トアサクサバシニ,140,1,（未分類）,個人候補,card,,
フアミリ－マ－トシンコシガヤエキマエ,129,1,（未分類）,個人候補,card,,
ラスカ茅ヶ崎,128,1,（未分類）,個人候補,card,,
フアミリ―マ―トタテカワヨンチ,120,1,（未分類）,個人候補,card,,
フアミリ―マ―トシブヤウダガワ,120,1,（未分類）,個人候補,card,,
フアミリ―マ―トギンザゴモンド,120,1,（未分類）,個人候補,card,,
フアミリ―マ―トタニヤマコウイ,120,1,（未分類）,個人候補,card,,
フアミリ―マ―トケーツーシンジ,120,1,（未分類）,個人候補,card,,
フアミリ－マ－トヒガシウエノゴチヨウメ,120,1,（未分類）,個人候補,card,,
フアミリ―マ―トホリドメチヨウ,118,1,（未分類）,個人候補,card,,
QP/カミサトサ-ビスエリア,116,1,（未分類）,個人候補,card,,
Vテスウリヨウ,108,1,（未分類・要確認）,要確認,bank,,
ラウンドワン 横浜駅西口店,100,1,（未分類）,個人候補,card,,
マルエツプチ 浅草橋三丁目,85,1,（未分類）,個人候補,card,,
ドン キホーテ 天文館店 -鹿児島県 鹿児島市,74,1,（未分類）,個人候補,card,,
URBITEK / RUSSI,73,1,（未分類）,個人候補,card,,
HORODATEURS AUT 2330475 (06CANNES ),55,1,（未分類）,個人候補,card,,
普通預金利息,35,7,雑収入・受取利息,個人候補,bank,,
アマゾンジヤパン(ド,30,1,（未分類・要確認）,要確認,bank,,
国税,21,11,（未分類・要確認）,要確認,bank,,
遅延損害金（ショッピング利用）,14,1,（未分類）,個人候補,card,,
Vサガク931241,8,1,（未分類・要確認）,要確認,bank,,
振込 Vキヤツシユバツク,4,2,（未分類・要確認）,要確認,bank,,
地方税,3,3,（未分類・要確認）,要確認,bank,,
スクエア(カ,1,1,（未分類・要確認）,要確認,bank,,
振込 ヤフ-シヨツピングコウザユウコウセイカクニン,1,1,（未分類・要確認）,要確認,bank,,
振込       オオサカチユウオウ,1,1,(要確認)入金(大阪中央),要確認,bank,,
,0,1,（未分類・要確認）,要確認,bank,,
キャッシュバック（ポイント交換）,-1500,1,（未分類）,個人候補,card,,
GLOBAL BLUE FRANCE SA 60800075,-3085,1,（未分類）,個人候補,card,,
